No.|Name|Batch|Iterations|op / s|ns / op|err %|cyc / op|total(ms)|dispersion(cyc)
1|Vec4fAdd_NoSIMD|1000|10|1.0526e+09|0.9500|1.0018|4|0.0947|0.646|
2|Vec4f::Normalize|1000|10|3.3113e+08|3.0200|0.3762|11|0.3018|0.684|
3|Vec4f::Dot|1000|10|1.0989e+09|0.9100|12.9492|3|0.0950|0.038|
4|Vec2d::Normalize|1000|10|3.2895e+08|3.0400|0.1041|12|0.3039|0.342|
5|Vec2d::Dot|1000|10|1.7544e+09|0.5700|0.0000|2|0.0570|0.152|
6|Vec4d::Normalize|1000|10|3.2206e+08|3.1050|0.2251|12|0.3106|0.342|
7|Vec4d::Dot|1000|10|1.0526e+09|0.9500|0.4448|4|0.0948|0.228|
8|Vec8f::Normalize|1000|10|2.4876e+08|4.0200|0.3150|15|0.4016|1.368|
9|Vec8f::Dot|1000|10|5.3191e+08|1.8800|0.1681|7|0.1881|0.114|
10|Vec3f::Cross|1000|10|6.2500e+08|1.6000|0.9851|6|0.1605|0.038|
11|Vec2f::Perpendicular|1000|10|1.0101e+09|0.9900|0.6838|4|0.0987|0.266|
12|Vec4f::Distance|1000|10|5.0251e+08|1.9900|0.2590|8|0.1994|0|
13|Vec4f::Lerp|1000|10|4.2373e+08|2.3600|0.2682|9|0.2358|0.19|
14|Vec4f::Scale|1000|10|8.1301e+08|1.2300|7.7161|5|0.1269|1.178|
15|Vec4f::Min|1000|10|8.1633e+08|1.2250|0.6937|5|0.1225|0.342|
16|Vec4f::Max|1000|10|7.8125e+08|1.2800|0.7429|5|0.1277|0.114|
17|Vec4f::MoveTowards|1000|10|1.6835e+08|5.9400|0.0532|23|0.5941|0.304|
18|Vec4f::Reflect|1000|10|4.4248e+08|2.2600|0.3648|9|0.2257|0.494|
19|Vec4f::Angle|1000|10|6.4851e+07|15.4200|0.0547|58|1.5416|0.456|
20|Vec3d::Cross|1000|10|5.9524e+08|1.6800|0.4892|6|0.1683|1.102|
21|Vec2d::Perpendicular|1000|10|6.8966e+08|1.4500|3.5873|5|0.1435|4.294|
22|Vec4d::Distance|1000|10|4.9751e+08|2.0100|0.1574|8|0.2009|0.266|
23|Vec4d::Lerp|1000|10|5.3191e+08|1.8800|0.6045|7|0.1878|0.304|
24|Vec4d::Scale|1000|10|7.8125e+08|1.2800|0.3783|5|0.1277|0.38|
25|Vec4d::Min|1000|10|7.5758e+08|1.3200|0.4297|5|0.1321|0.456|
26|Vec4d::Max|1000|10|7.4627e+08|1.3400|0.5502|5|0.1341|0.57|
27|Vec4d::MoveTowards|1000|10|1.6708e+08|5.9850|0.1375|23|0.5987|0.608|
28|Vec4d::Reflect|1000|10|4.5045e+08|2.2200|0.6070|8|0.2224|0.494|
29|Vec4d::Angle|1000|10|6.8166e+07|14.6700|0.0557|56|1.4670|0.342|
30|Mat4f::Translate|1000|10|9.0744e+07|11.0200|0.3908|42|1.1019|4.218|
31|Mat4f::MultiplyPoint|1000|10|4.0323e+08|2.4800|0.3802|9|0.2480|0.304|
32|Mat4f::TRS|1000|10|2.5800e+07|38.7600|0.0190|147|3.8761|0.38|
33|Mat4f::RotationX|1000|10|9.3545e+07|10.6900|0.0452|41|1.0687|0.076|
34|Mat4f::Multiplication|1000|10|6.0753e+07|16.4600|0.0192|62|1.6459|0.152|
35|Mat4f::Inverse|1000|10|1.4501e+07|68.9600|0.0187|262|6.8961|1.52|
36|Mat4d::Translate|1000|10|4.7778e+07|20.9300|0.0247|79|2.0934|0.114|
37|Mat4d::MultiplyPoint|1000|10|3.7313e+08|2.6800|0.5043|10|0.2685|0.266|
38|Mat4d::TRS|1000|10|2.5227e+07|39.6400|1.3856|150|3.9779|66.42|
39|Mat4d::RotationX|1000|10|4.6350e+07|21.5750|0.2917|82|2.1589|7.334|
40|Mat4d::Multiplication|1000|10|5.8055e+07|17.2250|0.2028|65|1.7208|3.42|
41|Mat4d::Inverse|1000|10|1.4641e+07|68.3000|0.2306|259|6.8205|13.15|
42|Quaternionf::FromEuler|1000|10|1.1111e+09|0.9000|0.7813|3|0.0905|0.304|
43|Quaternionf::FromAxisAngle|1000|10|7.3206e+07|13.6600|0.0416|52|1.3659|0.038|
44|Quaternionf::FromToRotation|1000|10|1.7346e+08|5.7650|0.0914|22|0.5765|0.038|
45|Quaternionf::LookRotation|1000|10|6.4412e+07|15.5250|6.2773|59|1.6199|0.152|
46|Quaternionf::Addition|1000|10|2.0408e+08|4.9000|0.0986|19|0.4897|0.152|
47|Quaternionf::Subtraction|1000|10|2.0640e+08|4.8450|0.2916|18|0.4850|0.19|
48|Quaternionf::Multiplication|1000|10|4.4843e+08|2.2300|0.2163|8|0.2233|0.114|
49|Quaternionf::ScalarMul|1000|10|8.9286e+08|1.1200|0.8887|4|0.1119|0.228|
50|Quaternionf::Division|1000|10|9.5694e+08|1.0450|0.5044|4|0.1045|0.19|
51|Quaternionf::Dot|1000|10|2.1739e+09|0.4600|0.6889|2|0.0459|0|
52|Quaternionf::LerpUnclamped|1000|10|3.3670e+08|2.9700|0.2843|11|0.2966|0.608|
53|Quaternionf::Lerp|1000|10|1.2077e+08|8.2800|0.0382|31|0.8281|0.228|
54|Quaternionf::SlerpUnclamped|1000|10|1.0537e+08|9.4900|9.5209|36|0.9987|1.938|
55|Quaternionf::Slerp|1000|10|1.0537e+08|9.4900|0.2279|36|0.9480|0|
56|Quaternionf::Angle|1000|10|4.0650e+08|2.4600|0.2103|9|0.2456|0.114|
57|Quaternionf::RotateTowards|1000|10|2.6042e+08|3.8400|0.1346|15|0.3836|0.684|
58|Quaternionf::RotateVector|1000|10|3.7594e+08|2.6600|0.4763|10|0.2665|0.266|
59|Quaternionf::Slerp|1000|10|4.7203e+07|21.1850|0.0330|80|2.1186|0.038|
60|Quaterniond::FromEuler|1000|10|1.1111e+09|0.9000|1.3992|3|0.0904|0.114|
61|Quaterniond::RotateVector|1000|10|3.7807e+08|2.6450|80.2668|10|0.3544|0.38|
62|Quaterniond::Slerp|1000|10|3.7362e+07|26.7650|22.2787|101|3.0060|157.5|
63|Quaterniond::FromEuler|1000|10|1.0204e+09|0.9800|0.6440|4|0.0982|0.266|
64|Quaterniond::FromAxisAngle|1000|10|7.2464e+07|13.8000|0.0932|52|1.3801|0.684|
65|Quaterniond::FromToRotation|1000|10|1.7331e+08|5.7700|0.0894|22|0.5774|0.228|
66|Quaterniond::LookRotation|1000|10|6.0606e+07|16.5000|0.9824|63|1.6572|0.266|
67|Quaterniond::Addition|1000|10|9.0090e+08|1.1100|0.3792|4|0.1112|0.494|
68|Quaterniond::Subtraction|1000|10|7.7519e+08|1.2900|0.5168|5|0.1290|0.418|
69|Quaterniond::Multiplication|1000|10|5.0251e+08|1.9900|0.3544|8|0.1995|0|
70|Quaterniond::ScalarMul|1000|10|8.1633e+08|1.2250|0.8410|5|0.1228|0.19|
71|Quaterniond::Division|1000|10|3.3784e+08|2.9600|0.1742|11|0.2964|0.114|
72|Quaterniond::Dot|1000|10|2.1505e+09|0.4650|1.5004|2|0.0466|0.114|
73|Quaterniond::Angle|1000|10|3.4483e+08|2.9000|0.1667|11|0.2897|0.342|
74|Quaterniond::RotateTowards|1000|10|2.3641e+08|4.2300|0.1141|16|0.4233|0.19|
75|Vec4fAdd_SIMD|1000|10|7.4627e+08|1.3400|0.2358|5|0.1341|0.038|
76|VecSIMD<float, 4>::Normalize|1000|10|5.1020e+08|1.9600|0.2461|7|0.1963|0|
77|VecSIMD<float, 4>::Dot|1000|10|2.0619e+09|0.4850|3.1163|2|0.0489|0|
78|VecSIMD<double, 2>::Normalize|1000|10|3.3333e+08|3.0000|0.1405|11|0.3002|0.038|
79|VecSIMD<double, 2>::Dot|1000|10|2.1739e+09|0.4600|0.9126|2|0.0462|0.038|
80|VecSIMD<double, 4>::Normalize|1000|10|3.2051e+08|3.1200|0.2026|12|0.3122|0.266|
81|VecSIMD<double, 4>::Dot|1000|10|1.4925e+09|0.6700|2.1214|3|0.0674|0.228|
82|VecSIMD<float, 8>::Normalize|1000|10|4.7393e+08|2.1100|0.2452|8|0.2106|0.266|
83|VecSIMD<float, 8>::Dot|1000|10|1.4388e+09|0.6950|0.7583|3|0.0695|0.076|
84|MatSIMD<float, 4, 4>::MultiplyPoint|1000|10|7.5500e+07|13.2450|1.6525|50|1.3314|0.228|
85|MatSIMD<float, 4, 4>::Multiplication|1000|10|5.8140e+07|17.2000|0.5001|65|1.7227|10.98|
86|MatSIMD<float, 4, 4>::MultiplyVector|1000|10|4.7847e+07|20.9000|0.1630|79|2.0894|3.99|
87|MatSIMD<float, 4, 4>::Transpose|1000|10|5.5772e+07|17.9300|1.0021|68|1.7950|0.228|
88|MatSIMD<float, 4, 4>::Inverse|1000|10|3.9409e+07|25.3750|17.6511|96|2.7683|6.156|
89|MatSIMD<float, 4, 4>::Determinant|1000|10|4.0371e+07|24.7700|0.1176|94|2.4776|0.798|
90|MatSIMD<float, 4, 4>::Identity|1000|10|6.2873e+07|15.9050|43.7778|60|1.8460|0.19|
91|MatSIMD<float, 4, 4>::Translate|1000|10|1.0823e+08|9.2400|0.1373|35|0.9245|0.076|
92|MatSIMD<float, 4, 4>::Scale|1000|10|7.2543e+07|13.7850|49.4472|52|1.6992|6.916|
93|MatSIMD<float, 4, 4>::RotationX|1000|10|9.4742e+07|10.5550|0.3122|40|1.0548|2.584|
94|MatSIMD<float, 4, 4>::Perspective|1000|10|7.8370e+07|12.7600|16.2282|48|1.3559|10.98|
95|MatSIMD<float, 4, 4>::Ortho|1000|10|1.0576e+08|9.4550|0.9545|36|0.9423|10.72|
96|MatSIMD<float, 4, 4>::LookAt|1000|10|4.0942e+07|24.4250|2.1148|93|2.4629|5.776|
97|MatSIMD<float, 4, 4>::TRS|1000|10|2.3466e+07|42.6150|5.0378|162|4.3846|26.18|
98|MatSIMD<float, 4, 4>::ValidTRS|1000|10|7.2202e+08|1.3850|0.5953|5|0.1383|0.076|
99|MatSIMD<double, 4, 4>::MultiplyPoint|1000|10|5.0697e+07|19.7250|4.2123|75|1.9917|0.114|
100|MatSIMD<double, 4, 4>::Multiplication|1000|10|3.5907e+07|27.8500|12.2849|106|2.8800|4.522|
101|MatSIMD<double, 4, 4>::Transpose|1000|10|4.5882e+07|21.7950|0.4639|83|2.1825|1.9|
102|MatSIMD<double, 4, 4>::Inverse|1000|10|2.6596e+07|37.6000|22.5059|143|4.1925|512.5|
103|MatSIMD<double, 4, 4>::Determinant|1000|10|3.7010e+07|27.0200|0.0462|102|2.7020|0.684|
104|MatSIMD<double, 4, 4>::TRS|1000|10|1.8679e+07|53.5350|22.4381|203|6.1408|1432|
105|MatSIMD<double, 4, 4>::RotationX|1000|10|8.4246e+07|11.8700|66.0859|45|1.5020|0.19|
106|QuaternionSIMD<float>::FromEuler|1000|10|9.8039e+08|1.0200|1.2235|4|0.1023|0.266|
107|QuaternionSIMD<float>::FromAxisAngle|1000|10|8.3264e+07|12.0100|0.0393|46|1.2010|0.608|
108|QuaternionSIMD<float>::FromToRotation|1000|10|1.0741e+08|9.3100|0.0554|35|0.9314|0.114|
109|QuaternionSIMD<float>::LookRotation|1000|10|4.6425e+07|21.5400|5.2899|82|2.2040|78.58|
110|QuaternionSIMD<float>::Addition|1000|10|7.2464e+08|1.3800|0.9847|5|0.1375|1.406|
111|QuaternionSIMD<float>::Subtraction|1000|10|8.0000e+08|1.2500|0.5612|5|0.1246|0.57|
112|QuaternionSIMD<float>::Multiplication|1000|10|5.2083e+08|1.9200|0.2684|7|0.1924|0.038|
113|QuaternionSIMD<float>::ScalarMul|1000|10|8.4034e+08|1.1900|9.5834|5|0.1226|0.38|
114|QuaternionSIMD<float>::Division|1000|10|8.8106e+08|1.1350|2.0868|4|0.1134|1.368|
115|QuaternionSIMD<float>::Dot|1000|10|1.1236e+09|0.8900|0.5409|3|0.0893|0.114|
116|QuaternionSIMD<float>::LerpUnclamped|1000|10|3.3898e+08|2.9500|0.1753|11|0.2946|0.038|
117|QuaternionSIMD<float>::Lerp|1000|10|3.3670e+08|2.9700|0.1912|11|0.2969|0.38|
118|QuaternionSIMD<float>::SlerpUnclamped|1000|10|1.6920e+08|5.9100|0.3265|22|0.5918|0.038|
119|QuaternionSIMD<float>::Slerp|1000|10|1.6722e+08|5.9800|0.1898|23|0.5982|0.228|
120|QuaternionSIMD<float>::Angle|1000|10|3.7453e+08|2.6700|0.1931|10|0.2674|0|
121|QuaternionSIMD<float>::RotateTowards|1000|10|3.1898e+08|3.1350|0.3917|12|0.3138|1.368|
122|QuaternionSIMD<double>::FromEuler|1000|10|1.0989e+09|0.9100|0.4623|3|0.0912|0|
123|QuaternionSIMD<double>::FromAxisAngle|1000|10|8.8692e+07|11.2750|0.1633|43|1.1275|1.026|
124|QuaternionSIMD<double>::FromToRotation|1000|10|1.0776e+08|9.2800|0.2742|35|0.9267|1.824|
125|QuaternionSIMD<double>::LookRotation|1000|10|4.2230e+07|23.6800|8.5123|90|2.4647|221.5|
126|QuaternionSIMD<double>::Addition|1000|10|8.0000e+08|1.2500|0.7340|5|0.1252|1.178|
127|QuaternionSIMD<double>::Subtraction|1000|10|4.7962e+08|2.0850|48.3405|8|0.2246|40.51|
128|QuaternionSIMD<double>::Multiplication|1000|10|3.9062e+08|2.5600|0.1885|10|0.2563|0.266|
129|QuaternionSIMD<double>::ScalarMul|1000|10|7.8125e+08|1.2800|0.7366|5|0.1280|0.608|
130|QuaternionSIMD<double>::Division|1000|10|8.4034e+08|1.1900|1.5046|4|0.1191|0.19|
131|QuaternionSIMD<double>::Dot|1000|10|1.4493e+09|0.6900|1.3921|3|0.0694|0.114|
132|QuaternionSIMD<double>::LerpUnclamped|1000|10|3.1646e+08|3.1600|0.3148|12|0.3159|0.494|
133|QuaternionSIMD<double>::Lerp|1000|10|3.1348e+08|3.1900|0.3557|12|0.3192|0.836|
134|QuaternionSIMD<double>::SlerpUnclamped|1000|10|1.6978e+08|5.8900|0.2536|22|0.5893|0.684|
135|QuaternionSIMD<double>::Slerp|1000|10|1.7123e+08|5.8400|0.0884|22|0.5844|0.456|
136|QuaternionSIMD<double>::Angle|1000|10|3.2258e+08|3.1000|0.8982|12|0.3107|0.38|
137|QuaternionSIMD<double>::RotateTowards|1000|10|3.0211e+08|3.3100|0.1275|13|0.3308|0.076|
